S.no,process_cpu_percent,process_rss_percent,proces_vms_percent,process_data_percent,data_time
1,0,13.30791188,26.57648575,14.10514913,1665678397
2,0,13.30791188,26.57648575,14.10514913,1665678399
3,0,13.20729354,26.57648575,14.10514913,1665678401
4,0,13.20274694,26.57648575,14.10514913,1665678403
5,61.9,9.193432331,22.45113388,9.979797261,1665678405
6,0,9.193432331,22.45113388,9.979797261,1665678407
7,0,9.193432331,22.45113388,9.979797261,1665678409
8,0,9.193432331,22.45113388,9.979797261,1665678411
9,0,9.193432331,22.45113388,9.979797261,1665678413
10,0,9.193432331,22.45113388,9.979797261,1665678415
11,81.9,8.083270076,21.35698358,8.885646962,1665678417
12,0,8.083270076,21.35698358,8.885646962,1665678419
13,0,8.083270076,21.35698358,8.885646962,1665678421
14,0,8.083270076,21.35698358,8.885646962,1665678423
15,0,8.083270076,21.35698358,8.885646962,1665678425
16,15,9.352563494,23.21753329,10.74619667,1665678427
17,36.9,11.74901951,25.01502356,12.54368694,1665678429
18,0,11.74901951,25.01502356,12.54368694,1665678431
19,0,11.74901951,25.01502356,12.54368694,1665678433
20,0,11.74901951,25.01502356,12.54368694,1665678435
21,0,11.74901951,25.01502356,12.54368694,1665678437
22,61.9,14.42005092,27.70088086,15.22954423,1665678439
23,7,14.38031755,27.70088086,15.22954423,1665678441
24,0,14.38031755,27.70088086,15.22954423,1665678443
25,0,14.38031755,27.70088086,15.22954423,1665678445
26,0,14.14112661,27.70088086,15.22954423,1665678447
27,0,14.14112661,27.70088086,15.22954423,1665678449
28,87.9,7.814229687,21.42004301,8.948706392,1665678451
29,4,8.413393111,21.97591486,9.504578233,1665678453
30,0,8.413393111,21.97591486,9.504578233,1665678455
31,0,8.413393111,21.97591486,9.504578233,1665678457
32,0,8.413393111,21.97591486,9.504578233,1665678459
33,0,8.413393111,21.97591486,9.504578233,1665678461
34,92.9,12.54250087,26.09928994,13.62795332,1665678463
35,8,12.54250087,26.09928994,13.62795332,1665678465
36,0,12.54250087,26.09928994,13.62795332,1665678467
37,0,12.54250087,26.09928994,13.62795332,1665678469
38,0,12.54250087,26.09928994,13.62795332,1665678471
39,0,12.54250087,26.09928994,13.62795332,1665678473
40,89.9,8.141782902,21.78298067,9.311644052,1665678475
41,29,8.92715944,22.47782048,10.00648385,1665678477
42,0,8.92715944,22.47782048,10.00648385,1665678479
43,0,8.92715944,22.47782048,10.00648385,1665678481
44,0,8.92715944,22.47782048,10.00648385,1665678483
45,0,8.92715944,22.47782048,10.00648385,1665678485
46,69.9,12.58836227,26.13961635,13.66827972,1665678487
47,62.9,12.58836227,26.13961635,13.66827972,1665678489
48,0,12.58836227,26.13961635,13.66827972,1665678491
49,0,12.58836227,26.13961635,13.66827972,1665678493
50,0,12.58836227,26.13961635,13.66827972,1665678495
51,0,12.58836227,26.13961635,13.66827972,1665678497
52,35,12.58836227,26.13961635,13.66827972,1665678499
53,98.9,8.885251605,22.4408546,9.969517981,1665678501
54,0,8.885251605,22.4408546,9.969517981,1665678503
55,0,8.885251605,22.4408546,9.969517981,1665678505
56,0,8.885251605,22.4408546,9.969517981,1665678507
57,0,8.885251605,22.4408546,9.969517981,1665678509
58,0,8.885251605,22.4408546,9.969517981,1665678511
59,98.9,11.55568998,25.11168833,12.64035171,1665678513
60,0,11.55568998,25.11168833,12.64035171,1665678515
61,0,11.55568998,25.11168833,12.64035171,1665678517
62,0,11.55568998,25.11168833,12.64035171,1665678519
63,0,11.55568998,25.11168833,12.64035171,1665678521
64,0,11.55568998,25.11168833,12.64035171,1665678523
65,95.9,13.55698675,27.11753171,14.64619508,1665678525
66,87.9,13.56864978,27.11753171,14.64619508,1665678527
67,0,13.56864978,27.11753171,14.64619508,1665678529
68,0,13.56864978,27.11753171,14.64619508,1665678531
69,0,13.48641554,27.11753171,14.64619508,1665678533
70,0,13.48641554,27.11753171,14.64619508,1665678535
71,8,13.48641554,27.11753171,14.64619508,1665678537
72,97.9,13.48641554,27.13018313,14.65884651,1665678539
73,13,13.48641554,27.13018313,14.65884651,1665678541
74,0,13.48641554,27.13018313,14.65884651,1665678543
75,0,13.48641554,27.13018313,14.65884651,1665678545
76,0,13.48641554,27.13018313,14.65884651,1665678547
77,0,13.48641554,27.13018313,14.65884651,1665678549
78,84.9,8.152852896,22.12041781,9.64908119,1665678551
79,98.9,9.579103014,23.23235917,10.76102255,1665678553
80,0,9.579103014,23.23235917,10.76102255,1665678555
81,0,9.579103014,23.23235917,10.76102255,1665678557
82,0,9.579103014,23.23235917,10.76102255,1665678559
83,0,9.579103014,23.23235917,10.76102255,1665678561
84,0,9.579103014,23.23235917,10.76102255,1665678563
85,99.9,12.66624759,26.31930607,13.84796945,1665678565
86,73.9,12.66624759,26.31930607,13.84796945,1665678567
87,0,12.66624759,26.31930607,13.84796945,1665678569
88,0,12.66624759,26.31930607,13.84796945,1665678571
89,0,12.66624759,26.31930607,13.84796945,1665678573
90,0,12.66624759,26.31930607,13.84796945,1665678575
91,24,12.66624759,26.31930607,13.84796945,1665678577
92,96.9,9.796944682,23.45158459,10.98024797,1665678579
93,39,9.796944682,23.45158459,10.98024797,1665678581
94,0,9.796944682,23.45158459,10.98024797,1665678583
95,0,9.796944682,23.45158459,10.98024797,1665678585
96,0,9.796944682,23.45158459,10.98024797,1665678587
97,0,9.796944682,23.45158459,10.98024797,1665678589
98,58.9,11.62645887,25.27734289,12.80600626,1665678591
99,96.9,11.62645887,25.27734289,12.80600626,1665678593
100,13,11.62645887,25.27734289,12.80600626,1665678595
101,0,11.62645887,25.27734289,12.80600626,1665678597
102,0,11.62645887,25.27734289,12.80600626,1665678599
103,0,11.62645887,25.27734289,12.80600626,1665678601
104,0,11.62645887,25.27734289,12.80600626,1665678603
105,84.9,8.230342854,22.3463643,9.875027675,1665678605
106,95.9,10.08871809,23.73624158,11.26490496,1665678607
107,14,10.08871809,23.73624158,11.26490496,1665678609
108,0,10.08871809,23.73624158,11.26490496,1665678611
109,0,10.08871809,23.73624158,11.26490496,1665678613
110,0,10.08871809,23.73624158,11.26490496,1665678615
111,0,10.08871809,23.73624158,11.26490496,1665678617
112,81.9,8.919252301,22.55946168,10.08812506,1665678619
113,97.9,10.36270045,24.01892178,11.54758516,1665678621
114,31.9,10.36270045,24.01892178,11.54758516,1665678623
115,0,10.36270045,24.01892178,11.54758516,1665678625
116,0,10.36270045,24.01892178,11.54758516,1665678627
117,0,10.36270045,24.01892178,11.54758516,1665678629
118,0,10.36270045,24.01892178,11.54758516,1665678631
119,63.9,12.58757156,26.30210804,13.83077142,1665678633
120,97.9,12.58757156,26.30210804,13.83077142,1665678635
121,65.9,12.58757156,26.30210804,13.83077142,1665678637
122,0,12.58757156,26.30210804,13.83077142,1665678639
123,0,12.58757156,26.30210804,13.83077142,1665678641
124,0,12.58757156,26.30210804,13.83077142,1665678643
125,0,12.58757156,26.30210804,13.83077142,1665678645
126,23,12.58757156,26.30210804,13.83077142,1665678647
127,98.9,7.28741658,21.00511592,8.533779296,1665678649
128,98.9,7.587492488,21.30183129,8.830494671,1665678651
129,0,7.587492488,21.30183129,8.830494671,1665678653
130,0,7.587492488,21.30183129,8.830494671,1665678655
131,0,7.587492488,21.30183129,8.830494671,1665678657
132,0,7.587492488,21.30183129,8.830494671,1665678659
133,0,7.587492488,21.30183129,8.830494671,1665678661
134,99.9,11.51318911,25.33269286,12.86135623,1665678663
135,98.9,11.59146978,25.33269286,12.86135623,1665678665
136,0,11.59146978,25.33269286,12.86135623,1665678667
137,0,11.59146978,25.33269286,12.86135623,1665678669
138,0,11.59146978,25.33269286,12.86135623,1665678672
139,0,11.59146978,25.33269286,12.86135623,1665678674
140,0,11.59146978,25.33269286,12.86135623,1665678676
141,98.9,14.25736155,27.96814214,15.49680552,1665678678
142,98.9,14.25736155,27.96814214,15.49680552,1665678680
143,61.9,14.21387228,27.96814214,15.49680552,1665678682
144,0,14.21387228,27.96814214,15.49680552,1665678684
145,0,14.21387228,27.96814214,15.49680552,1665678686
146,0,14.21387228,27.96814214,15.49680552,1665678688
147,0,14.21169782,27.96814214,15.49680552,1665678690
148,0,14.21169782,27.96814214,15.49680552,1665678692
149,86.9,9.162396812,23.48617832,11.0148417,1665678694
150,97.8,7.96308157,21.67939716,9.208060537,1665678696
151,89.9,7.96308157,21.67939716,9.208060537,1665678698
152,0,7.96308157,21.67939716,9.208060537,1665678700
153,0,7.96308157,21.67939716,9.208060537,1665678702
154,0,7.96308157,21.67939716,9.208060537,1665678704
155,0,7.96308157,21.67939716,9.208060537,1665678706
156,8,9.186711263,23.60241326,11.13107664,1665678708
157,99.9,12.65853813,26.38355157,13.91221495,1665678710
158,99.9,12.65853813,26.38355157,13.91221495,1665678712
159,5,12.65853813,26.38355157,13.91221495,1665678714
160,0,12.65853813,26.38355157,13.91221495,1665678716
161,0,12.65853813,26.38355157,13.91221495,1665678718
162,0,12.65853813,26.38355157,13.91221495,1665678720
163,0,12.65853813,26.38355157,13.91221495,1665678722
164,92.9,8.63499067,23.05464623,10.58330961,1665678724
165,97.9,7.754728469,21.47124174,8.999905114,1665678726
166,99.9,7.754728469,21.47124174,8.999905114,1665678728
167,0,7.754728469,21.47124174,8.999905114,1665678730
168,0,7.754728469,21.47124174,8.999905114,1665678732
169,0,7.754728469,21.47124174,8.999905114,1665678734
170,0,7.754728469,21.47124174,8.999905114,1665678736
171,0,7.754728469,21.47124174,8.999905114,1665678738
172,99.9,9.511694658,23.66547269,11.19413607,1665678740
173,97.9,11.95598887,25.68080463,13.20946801,1665678742
174,85.9,11.95598887,25.68080463,13.20946801,1665678744
175,0,11.95598887,25.68080463,13.20946801,1665678746
176,0,11.95598887,25.68080463,13.20946801,1665678748
177,0,11.95598887,25.68080463,13.20946801,1665678750
178,0,11.95598887,25.68080463,13.20946801,1665678752
179,11,11.95598887,25.68080463,13.20946801,1665678754
180,98.9,13.55659139,27.2727093,14.80137268,1665678756
181,98.9,13.55659139,27.2727093,14.80137268,1665678758
182,49.9,13.55659139,27.2727093,14.80137268,1665678760
183,0,13.55659139,27.2727093,14.80137268,1665678762
184,0,13.55659139,27.2727093,14.80137268,1665678764
185,0,13.55659139,27.2727093,14.80137268,1665678766
186,0,13.55659139,27.2727093,14.80137268,1665678768
187,48,8.745888288,23.48380618,11.01246956,1665678770
188,100.9,9.695733308,23.48380618,11.01246956,1665678772
189,99.9,8.699631527,22.40645855,9.935121928,1665678774
190,31,8.699631527,22.40645855,9.935121928,1665678776
191,0,8.699631527,22.40645855,9.935121928,1665678778
192,0,8.699631527,22.40645855,9.935121928,1665678780
193,0,8.699631527,22.40645855,9.935121928,1665678782
194,0,8.699631527,22.40645855,9.935121928,1665678784
195,66.9,12.68344561,26.40233102,13.9309944,1665678786
196,100,12.68344561,26.40233102,13.9309944,1665678788
197,98.9,12.68344561,26.40233102,13.9309944,1665678790
198,33.9,12.68344561,26.40233102,13.9309944,1665678792
199,0,12.68344561,26.40233102,13.9309944,1665678794
200,0,12.68344561,26.40233102,13.9309944,1665678796
201,0,12.68344561,26.40233102,13.9309944,1665678798
202,0,12.68344561,26.40233102,13.9309944,1665678800
203,35,12.68344561,26.40233102,13.9309944,1665678802
204,98.9,9.415820603,23.40769997,10.93636335,1665678804
205,98.9,8.085246861,21.7286191,9.257282475,1665678806
206,94.9,8.085246861,21.7286191,9.257282475,1665678808
207,0,8.085246861,21.7286191,9.257282475,1665678810
208,0,8.085246861,21.7286191,9.257282475,1665678812
209,0,8.085246861,21.7286191,9.257282475,1665678814
210,0,8.085246861,21.7286191,9.257282475,1665678816
211,0,8.085246861,21.7286191,9.257282475,1665678818
212,99.9,12.79019199,26.52805453,14.0567179,1665678820
213,97,10.48407502,24.11301673,11.64168011,1665678822
214,99.9,10.48407502,24.11301673,11.64168011,1665678824
215,0,10.48407502,24.11301673,11.64168011,1665678826
216,0,10.48407502,24.11301673,11.64168011,1665678828
217,0,10.48407502,24.11301673,11.64168011,1665678830
218,0,10.48407502,24.11301673,11.64168011,1665678832
219,0,10.48407502,24.11301673,11.64168011,1665678834
220,98.9,9.379645444,23.65084448,11.17950786,1665678836
221,97.9,8.805784863,22.43472657,9.963389948,1665678838
222,98.9,8.805784863,22.43472657,9.963389948,1665678840
223,1,8.805784863,22.43472657,9.963389948,1665678842
224,0,8.805784863,22.43472657,9.963389948,1665678844
225,0,8.805784863,22.43472657,9.963389948,1665678846
226,0,8.805784863,22.43472657,9.963389948,1665678848
227,0,8.805784863,22.43472657,9.963389948,1665678850
228,91.9,13.2076889,26.84947971,14.37814309,1665678852
229,98.9,13.2076889,26.84947971,14.37814309,1665678854
230,98.9,13.2076889,26.84947971,14.37814309,1665678856
231,69.9,13.2031423,26.84947971,14.37814309,1665678858
232,0,13.2031423,26.84947971,14.37814309,1665678860
233,0,13.2031423,26.84947971,14.37814309,1665678862
234,0,13.2031423,26.84947971,14.37814309,1665678864
235,0,13.2031423,26.84947971,14.37814309,1665678866
236,0,13.2031423,26.84947971,14.37814309,1665678868
237,99.9,9.690593668,23.92581523,11.4544786,1665678870
238,97.9,8.195353765,21.8341794,9.362842774,1665678872
239,99.9,8.195353765,21.8341794,9.362842774,1665678874
240,7,8.195353765,21.8341794,9.362842774,1665678876
241,0,8.195353765,21.8341794,9.362842774,1665678878
242,0,8.195353765,21.8341794,9.362842774,1665678880
243,0,8.195353765,21.8341794,9.362842774,1665678882
244,0,8.195353765,21.8341794,9.362842774,1665678884
245,89.9,12.88626372,26.52963596,14.05829933,1665678886
246,99.9,12.88626372,26.52963596,14.05829933,1665678888
247,98.9,9.809398425,23.44268906,10.97135244,1665678890
248,98.9,9.809398425,23.44268906,10.97135244,1665678892
249,0,9.809398425,23.44268906,10.97135244,1665678894
250,0,9.809398425,23.44268906,10.97135244,1665678896
251,0,9.809398425,23.44268906,10.97135244,1665678898
252,0,9.809398425,23.44268906,10.97135244,1665678900
253,0,9.809398425,23.44268906,10.97135244,1665678902
254,99.9,13.09501218,26.74391941,14.27258279,1665678904
255,97.9,14.08933485,27.75603315,15.28469652,1665678906
256,93.9,14.04920612,27.75603315,15.28469652,1665678908
257,57.9,14.04920612,27.75603315,15.28469652,1665678910
258,0,14.04920612,27.75603315,15.28469652,1665678912
259,0,14.04920612,27.75603315,15.28469652,1665678914
260,0,14.04920612,27.75603315,15.28469652,1665678916
261,0,14.04920612,27.75603315,15.28469652,1665678918
262,27,14.04920612,27.75603315,15.28469652,1665678920
263,99.9,9.91812158,24.11281905,11.64148243,1665678922
264,96.9,8.243389632,21.94053041,9.469193788,1665678924
265,99.9,8.243389632,21.94053041,9.469193788,1665678926
266,23,8.243389632,21.94053041,9.469193788,1665678928
267,0,8.243389632,21.94053041,9.469193788,1665678930
268,0,8.243389632,21.94053041,9.469193788,1665678932
269,0,8.243389632,21.94053041,9.469193788,1665678934
270,0,8.243389632,21.94053041,9.469193788,1665678936
271,72,12.84633267,26.54307809,14.07174147,1665678938
272,99.9,12.84633267,26.54307809,14.07174147,1665678940
273,97.9,10.43762058,24.12823797,11.65690135,1665678942
274,99.9,10.43762058,24.12823797,11.65690135,1665678944
275,0,10.43762058,24.12823797,11.65690135,1665678946
276,0,10.43762058,24.12823797,11.65690135,1665678948
277,0,10.43762058,24.12823797,11.65690135,1665678950
278,0,10.43762058,24.12823797,11.65690135,1665678952
279,0,10.43762058,24.12823797,11.65690135,1665678954
280,99,9.530078755,24.35635892,11.8850223,1665678956
281,98.9,10.47340039,24.35635892,11.8850223,1665678958
282,97,8.275611222,21.98263592,9.511299301,1665678960
283,99.9,8.275611222,21.98263592,9.511299301,1665678962
284,0,8.275611222,21.98263592,9.511299301,1665678964
285,0,8.275611222,21.98263592,9.511299301,1665678966
286,0,8.275611222,21.98263592,9.511299301,1665678968
287,0,8.275611222,21.98263592,9.511299301,1665678970
288,0,8.275611222,21.98263592,9.511299301,1665678972
289,97.9,12.89496157,26.60099788,14.12966126,1665678974
290,99.9,12.89496157,26.60099788,14.12966126,1665678976
291,97.9,9.975250656,23.66586805,11.19453142,1665678978
292,98.9,9.975250656,23.66586805,11.19453142,1665678980
293,0,9.975250656,23.66586805,11.19453142,1665678982
294,0,9.975250656,23.66586805,11.19453142,1665678984
295,0,9.975250656,23.66586805,11.19453142,1665678986
296,0,9.975250656,23.66586805,11.19453142,1665678988
297,0,9.975250656,23.66586805,11.19453142,1665678990
298,98.9,9.638208875,24.48445457,12.01311794,1665678992
299,99.9,10.59477496,24.48445457,12.01311794,1665678994
300,98.9,8.445219344,22.14690673,9.675570105,1665678996
301,99.9,8.445219344,22.14690673,9.675570105,1665678998
302,0,8.445219344,22.14690673,9.675570105,1665679000
303,0,8.445219344,22.14690673,9.675570105,1665679002
304,0,8.445219344,22.14690673,9.675570105,1665679004
305,0,8.445219344,22.14690673,9.675570105,1665679006
306,0,8.445219344,22.14690673,9.675570105,1665679008
307,99.9,13.12940823,26.83643293,14.36509631,1665679010
308,98.9,13.12940823,26.83643293,14.36509631,1665679012
309,97.9,10.44829522,24.15433153,11.68299491,1665679014
310,98.9,10.44829522,24.15433153,11.68299491,1665679016
311,34.9,10.44829522,24.15433153,11.68299491,1665679018
312,0,10.44829522,24.15433153,11.68299491,1665679020
313,0,10.44829522,24.15433153,11.68299491,1665679022
314,0,10.44829522,24.15433153,11.68299491,1665679024
315,0,10.44829522,24.15433153,11.68299491,1665679026
316,53.9,9.768281304,25.00256982,12.5312332,1665679028
317,99.9,10.69163741,25.00256982,12.5312332,1665679030
318,98.9,8.321274947,22.03877661,9.567439985,1665679032
319,99.9,8.321274947,22.03877661,9.567439985,1665679034
320,95.9,8.321274947,22.03877661,9.567439985,1665679036
321,0,8.321274947,22.03877661,9.567439985,1665679038
322,0,8.321274947,22.03877661,9.567439985,1665679040
323,0,8.321274947,22.03877661,9.567439985,1665679042
324,0,8.321274947,22.03877661,9.567439985,1665679044
325,0,8.321274947,22.03877661,9.567439985,1665679046
326,100,13.53623051,28.23619414,15.76485751,1665679048
327,98.9,14.48627321,28.23619414,15.76485751,1665679050
328,96.9,12.88507765,26.60297467,14.13163804,1665679052
329,97.9,12.88507765,26.60297467,14.13163804,1665679054
330,17,12.88507765,26.60297467,14.13163804,1665679056
331,0,12.88507765,26.60297467,14.13163804,1665679058
332,0,12.88507765,26.60297467,14.13163804,1665679060
333,0,12.88507765,26.60297467,14.13163804,1665679062
334,0,12.88507765,26.60297467,14.13163804,1665679064
335,68.9,9.719257045,24.9027422,12.43140557,1665679066
336,98.9,10.66257868,24.9027422,12.43140557,1665679068
337,98.9,8.52172091,22.19059367,9.719257045,1665679070
338,99.9,8.52172091,22.19059367,9.719257045,1665679072
339,99.9,8.52172091,22.19059367,9.719257045,1665679074
340,0,8.52172091,22.19059367,9.719257045,1665679076
341,0,8.52172091,22.19059367,9.719257045,1665679078
342,0,8.52172091,22.19059367,9.719257045,1665679080
343,0,8.52172091,22.19059367,9.719257045,1665679082
344,0,8.52172091,22.19059367,9.719257045,1665679084
345,98.9,13.86793497,28.57738717,16.10605054,1665679086
346,99.9,14.81777999,28.57738717,16.10605054,1665679088
347,97.9,13.22093336,26.87458488,14.40324825,1665679090
348,99.9,13.22093336,26.87458488,14.40324825,1665679092
349,28.9,13.22093336,26.87458488,14.40324825,1665679094
350,0,13.22093336,26.87458488,14.40324825,1665679096
351,0,13.22093336,26.87458488,14.40324825,1665679098
352,0,13.22093336,26.87458488,14.40324825,1665679100
353,0,13.22093336,26.87458488,14.40324825,1665679102
354,61,9.642557801,24.92389379,12.45255717,1665679104
355,98.9,10.58587943,24.92389379,12.45255717,1665679106
356,98.9,7.801380586,21.44870639,8.977369769,1665679108
357,99.9,8.54484929,22.21055919,9.73922257,1665679110
358,99.9,8.54484929,22.21055919,9.73922257,1665679112
359,0,8.54484929,22.21055919,9.73922257,1665679114
360,0,8.54484929,22.21055919,9.73922257,1665679116
361,0,8.54484929,22.21055919,9.73922257,1665679118
362,0,8.54484929,22.21055919,9.73922257,1665679120
363,0,8.54484929,22.21055919,9.73922257,1665679122
364,99.9,11.62290065,26.57371825,14.10238163,1665679124
365,98.9,12.57274567,26.57371825,14.10238163,1665679126
366,96.9,9.382017585,23.02934339,10.55800677,1665679128
367,99,9.382017585,23.02934339,10.55800677,1665679130
368,93.9,9.382017585,23.02934339,10.55800677,1665679132
369,0,9.382017585,23.02934339,10.55800677,1665679134
370,0,9.382017585,23.02934339,10.55800677,1665679136
371,0,9.382017585,23.02934339,10.55800677,1665679138
372,0,9.382017585,23.02934339,10.55800677,1665679140
373,1,9.382017585,23.02934339,10.55800677,1665679142
374,98.9,13.8052709,27.46406206,14.99272543,1665679144
375,99.9,13.8052709,27.46406206,14.99272543,1665679146
376,93.9,13.812585,27.46406206,14.99272543,1665679148
377,98.9,13.81218964,27.46406206,14.99272543,1665679150
378,91.9,13.81218964,27.46406206,14.99272543,1665679152
379,0,13.81218964,27.46406206,14.99272543,1665679154
380,0,13.81218964,27.46406206,14.99272543,1665679156
381,0,13.77482842,27.46406206,14.99272543,1665679158
382,0,13.77482842,27.46406206,14.99272543,1665679160
383,0,13.77482842,27.46406206,14.99272543,1665679162
384,98.9,15.41635038,29.0672344,16.59589778,1665679164
385,99.9,15.41635038,29.0672344,16.59589778,1665679166
386,97.9,15.41635038,29.0672344,16.59589778,1665679168
387,99.9,15.41635038,29.0672344,16.59589778,1665679170
388,89.9,15.41635038,29.0672344,16.59589778,1665679172
389,0,15.41635038,29.0672344,16.59589778,1665679174
390,0,15.41635038,29.0672344,16.59589778,1665679176
391,0,15.41635038,29.0672344,16.59589778,1665679178
392,0,15.41635038,29.0672344,16.59589778,1665679180
393,3,15.41635038,29.0672344,16.59589778,1665679182
394,98.9,15.41635038,29.0672344,16.59589778,1665679184
395,100.9,15.41635038,29.0672344,16.59589778,1665679186
396,95.9,15.36515166,29.0672344,16.59589778,1665679188
397,99.9,15.36515166,29.0672344,16.59589778,1665679190
398,98.9,15.36515166,29.0672344,16.59589778,1665679192
399,0,15.36515166,29.0672344,16.59589778,1665679194
400,0,15.36515166,29.0672344,16.59589778,1665679196
401,0,15.36515166,29.0672344,16.59589778,1665679198
402,0,15.36515166,29.0672344,16.59589778,1665679200
403,0,15.36515166,29.0672344,16.59589778,1665679202
404,99.9,11.38627953,26.43257583,13.96123921,1665679204
405,98.9,12.34264794,26.43257583,13.96123921,1665679206
406,96.9,8.913717304,22.61026505,10.13892842,1665679208
407,95.9,8.913717304,22.61026505,10.13892842,1665679210
408,99.9,8.913717304,22.61026505,10.13892842,1665679212
409,0,8.913717304,22.61026505,10.13892842,1665679214
410,0,8.913717304,22.61026505,10.13892842,1665679216
411,0,8.913717304,22.61026505,10.13892842,1665679218
412,0,8.913717304,22.61026505,10.13892842,1665679220
413,0,8.913717304,22.61026505,10.13892842,1665679222
414,93.9,13.04539488,26.7577569,14.28642028,1665679224
415,99.9,13.04539488,26.7577569,14.28642028,1665679226
416,97.9,13.03195275,26.7577569,14.28642028,1665679228
417,99,13.03195275,26.7577569,14.28642028,1665679230
418,99.9,13.03195275,26.7577569,14.28642028,1665679232
419,14,13.03195275,26.7577569,14.28642028,1665679234
420,0,13.03195275,26.7577569,14.28642028,1665679236
421,0,13.03195275,26.7577569,14.28642028,1665679238
422,0,13.03195275,26.7577569,14.28642028,1665679240
423,0,13.03195275,26.7577569,14.28642028,1665679242
424,81.9,10.76280166,26.24992093,13.77858431,1665679244
425,99.9,11.70612329,26.24992093,13.77858431,1665679246
426,97.9,8.57311731,22.28844451,9.817107885,1665679248
427,98.9,8.755574533,22.48098333,10.00964671,1665679250
428,42,8.755574533,22.48098333,10.00964671,1665679252
429,46.8,8.755574533,22.48098333,10.00964671,1665679254
430,46.7,8.755574533,22.48098333,10.00964671,1665679256
431,17.9,8.755574533,22.48098333,10.00964671,1665679258
432,0,8.755574533,22.48098333,10.00964671,1665679260
433,0,8.755574533,22.48098333,10.00964671,1665679262
434,0,8.755574533,22.48098333,10.00964671,1665679264
435,0,8.755574533,22.48098333,10.00964671,1665679266
436,37.9,12.21494765,27.00683177,14.53549515,1665679268
437,81.9,13.25335263,27.00683177,14.53549515,1665679270
438,93.9,13.25256191,27.00683177,14.53549515,1665679272
439,68.9,13.25137584,27.00683177,14.53549515,1665679274
440,71.9,13.52278837,27.00683177,14.53549515,1665679276
441,89.9,13.52278837,27.00683177,14.53549515,1665679278
442,68.9,13.51745105,27.00683177,14.53549515,1665679280
443,64.9,13.4545893,27.00683177,14.53549515,1665679282
444,0,13.4545893,27.00683177,14.53549515,1665679284
445,0,13.4545893,27.00683177,14.53549515,1665679286
446,0,13.43798431,27.00683177,14.53549515,1665679288
447,0,13.35041275,27.00683177,14.53549515,1665679290
448,0,13.35041275,27.00683177,14.53549515,1665679292
449,0,13.28181833,27.00683177,14.53549515,1665679294
450,9,13.1663741,27.00683177,14.53549515,1665679296
451,16,7.9205807,21.63096594,9.159629313,1665679298
452,87.9,10.81320967,25.731608,13.26027137,1665679300
453,81,11.56241104,25.731608,13.26027137,1665679302
454,57.9,13.39014612,27.78192903,15.3105924,1665679304
455,72.9,8.976776734,22.53257741,10.06124079,1665679306
456,47,9.229409811,22.67371983,10.20238321,1665679308
457,88.9,9.229409811,22.67371983,10.20238321,1665679310
458,96.9,9.229409811,22.67371983,10.20238321,1665679312
459,0,9.229409811,22.67371983,10.20238321,1665679314
460,0,9.229409811,22.67371983,10.20238321,1665679316
461,0,9.229409811,22.67371983,10.20238321,1665679318
462,0,9.229409811,22.67371983,10.20238321,1665679320
463,0,9.229409811,22.67371983,10.20238321,1665679322
464,93.9,13.25434102,26.68955783,14.21822121,1665679324
465,98.9,13.25434102,26.68955783,14.21822121,1665679326
466,88.9,13.01376633,26.68955783,14.21822121,1665679328
467,97.9,13.15233893,26.68955783,14.21822121,1665679330
468,98.9,13.15233893,26.68955783,14.21822121,1665679332
469,91.9,13.15233893,26.68955783,14.21822121,1665679334
470,0,13.15233893,26.68955783,14.21822121,1665679336
471,0,13.15233893,26.68955783,14.21822121,1665679338
472,0,13.15233893,26.68955783,14.21822121,1665679340
473,0,13.15233893,26.68955783,14.21822121,1665679342
474,0,13.15233893,26.68955783,14.21822121,1665679344
475,99.9,11.12356485,25.99906696,13.52773033,1665679346
476,97.9,12.04711864,25.99906696,13.52773033,1665679348
477,75.8,8.045118133,21.75965462,9.288317993,1665679350
478,85.9,9.245224088,22.69506911,10.22373249,1665679352
479,98.9,9.245224088,22.69506911,10.22373249,1665679354
480,98.9,9.245224088,22.69506911,10.22373249,1665679357
481,0,9.245224088,22.69506911,10.22373249,1665679359
482,0,9.245224088,22.69506911,10.22373249,1665679361
483,0,9.245224088,22.69506911,10.22373249,1665679363
484,0,9.245224088,22.69506911,10.22373249,1665679365
485,0,9.245224088,22.69506911,10.22373249,1665679367
486,85.9,14.54498371,28.26940412,15.7980675,1665679369
487,98.9,14.54498371,28.26940412,15.7980675,1665679371
488,98.9,14.54498371,28.26940412,15.7980675,1665679373
489,69.5,14.65014865,28.26940412,15.7980675,1665679375
490,97.9,14.72645254,28.26940412,15.7980675,1665679377
491,98.9,14.72645254,28.26940412,15.7980675,1665679379
492,62.9,14.72645254,28.26940412,15.7980675,1665679381
493,0,14.72645254,28.26940412,15.7980675,1665679383
494,0,14.72645254,28.26940412,15.7980675,1665679385
495,0,14.72645254,28.26940412,15.7980675,1665679387
496,0,14.72645254,28.26940412,15.7980675,1665679389
497,23,14.79939589,28.26940412,15.7980675,1665679391
498,98.9,12.67474776,27.43757314,14.96623652,1665679393
499,98.9,13.58505709,27.43757314,14.96623652,1665679395
500,89.9,9.349598317,23.05899516,10.58765854,1665679397
501,98.9,9.563684094,23.05899516,10.58765854,1665679399
502,98.9,9.563684094,23.05899516,10.58765854,1665679401
503,92.9,9.563684094,23.05899516,10.58765854,1665679403
504,0,9.563684094,23.05899516,10.58765854,1665679405
505,0,9.563684094,23.05899516,10.58765854,1665679407
506,0,9.563684094,23.05899516,10.58765854,1665679409
507,0,9.563684094,23.05899516,10.58765854,1665679411
508,0,9.563684094,23.05899516,10.58765854,1665679413
509,98.9,12.71724863,27.66826391,15.19692729,1665679415
510,98.9,13.66057026,27.66826391,15.19692729,1665679417
511,90.9,9.64908119,23.22010311,10.74876649,1665679419
512,96.9,9.767095234,23.22010311,10.74876649,1665679421
513,98.9,9.767095234,23.22010311,10.74876649,1665679423
514,99.9,9.767095234,23.22010311,10.74876649,1665679425
515,0,9.767095234,23.22010311,10.74876649,1665679427
516,0,9.767095234,23.22010311,10.74876649,1665679429
517,0,9.767095234,23.22010311,10.74876649,1665679431
518,0,9.767095234,23.22010311,10.74876649,1665679433
519,0,9.767095234,23.22010311,10.74876649,1665679435
520,90.9,14.08814878,27.65482177,15.18348515,1665679437
521,98.9,14.08814878,27.65482177,15.18348515,1665679439
522,96.9,14.05414808,27.65482177,15.18348515,1665679441
523,90.9,14.17927855,27.65482177,15.18348515,1665679443
524,98.8,14.17927855,27.65482177,15.18348515,1665679445
525,98.9,14.17927855,27.65482177,15.18348515,1665679447
526,66.9,14.17927855,27.65482177,15.18348515,1665679449
527,0,14.17927855,27.65482177,15.18348515,1665679451
528,0,14.17927855,27.65482177,15.18348515,1665679453
529,0,14.17927855,27.65482177,15.18348515,1665679455
530,0,14.17927855,27.65482177,15.18348515,1665679457
531,22,14.17216213,27.65482177,15.18348515,1665679459
532,98.9,11.47681627,26.40430781,13.93297119,1665679461
533,98.9,12.41361451,26.40430781,13.93297119,1665679463
534,91.9,8.074769902,21.81737673,9.346040105,1665679465
535,98.9,9.279224784,22.83344403,10.36210741,1665679467
536,98.9,9.279224784,22.83344403,10.36210741,1665679469
537,99.9,9.279224784,22.83344403,10.36210741,1665679471
538,0,9.279224784,22.83344403,10.36210741,1665679473
539,0,9.279224784,22.83344403,10.36210741,1665679475
540,0,9.279224784,22.83344403,10.36210741,1665679477
541,0,9.279224784,22.83344403,10.36210741,1665679479
542,0,9.279224784,22.83344403,10.36210741,1665679481
543,98.9,13.74616504,29.05319923,16.58186261,1665679483
544,98.9,14.68948667,29.05319923,16.58186261,1665679485
545,97.9,15.58002815,29.05319923,16.58186261,1665679487
546,88.7,13.21104944,26.72494228,14.25360566,1665679489
547,98.9,13.29130689,26.72494228,14.25360566,1665679491
548,97.9,13.29130689,26.72494228,14.25360566,1665679493
549,77.9,13.29130689,26.72494228,14.25360566,1665679495
550,0,13.29130689,26.72494228,14.25360566,1665679497
551,0,13.29130689,26.72494228,14.25360566,1665679499
552,0,13.29130689,26.72494228,14.25360566,1665679501
553,0,13.28241136,26.72494228,14.25360566,1665679503
554,10,13.28241136,26.72494228,14.25360566,1665679505
555,97.9,11.7252981,26.68916248,14.21782585,1665679507
556,97.9,12.63560743,26.68916248,14.21782585,1665679509
557,94.8,14.27396654,29.05221084,16.58087421,1665679511
558,91.9,9.417006674,22.84609545,10.37475883,1665679513
559,98.9,9.417006674,22.84609545,10.37475883,1665679515
560,98.9,9.417006674,22.84609545,10.37475883,1665679517
561,28,9.417006674,22.84609545,10.37475883,1665679519
562,0,9.417006674,22.84609545,10.37475883,1665679521
563,0,9.417006674,22.84609545,10.37475883,1665679523
564,0,9.417006674,22.84609545,10.37475883,1665679525
565,0,9.417006674,22.84609545,10.37475883,1665679527
566,56.9,13.71888541,29.40328779,16.93195117,1665679529
567,99,14.64797419,29.40328779,16.93195117,1665679531
568,98.9,15.54167853,29.40328779,16.93195117,1665679533
569,74.9,13.32787741,27.0056457,14.53430907,1665679535
570,95.9,13.56528924,27.0056457,14.53430907,1665679537
571,98.9,13.56528924,27.0056457,14.53430907,1665679539
572,98.9,13.56528924,27.0056457,14.53430907,1665679541
573,0,13.56528924,27.0056457,14.53430907,1665679543
574,0,13.56528924,27.0056457,14.53430907,1665679545
575,0,13.56528924,27.0056457,14.53430907,1665679547
576,0,13.56528924,27.0056457,14.53430907,1665679549
577,0,13.56528924,27.0056457,14.53430907,1665679551
578,89.9,11.18306607,26.70873264,14.23739602,1665679553
579,96.9,12.07360755,26.70873264,14.23739602,1665679555
580,98,13.00052187,26.70873264,14.23739602,1665679557
581,91.9,8.383543663,21.84386564,9.372529019,1665679559
582,97.9,9.74436221,23.151311,10.67997438,1665679561
583,99.9,9.74436221,23.151311,10.67997438,1665679563
584,99.9,9.74436221,23.151311,10.67997438,1665679565
585,0,9.74436221,23.151311,10.67997438,1665679567
586,0,9.74436221,23.151311,10.67997438,1665679569
587,0,9.74436221,23.151311,10.67997438,1665679571
588,0,9.74436221,23.151311,10.67997438,1665679573
589,0,9.74436221,23.151311,10.67997438,1665679575
590,94.9,13.85567891,29.31887908,16.84754246,1665679577
591,96.8,14.6542999,29.31887908,16.84754246,1665679579
592,97.9,15.58358636,29.31887908,16.84754246,1665679581
593,55.6,13.20828194,26.85165417,14.38031755,1665679583
594,91.9,13.38421577,26.85165417,14.38031755,1665679585
595,98.9,13.38421577,26.85165417,14.38031755,1665679587
596,97.9,13.38421577,26.85165417,14.38031755,1665679589
597,24,13.38421577,26.85165417,14.38031755,1665679591
598,0,13.38421577,26.85165417,14.38031755,1665679593
599,0,13.35416864,26.85165417,14.38031755,1665679595
600,0,13.35416864,26.85165417,14.38031755,1665679597
601,0,13.35416864,26.85165417,14.38031755,1665679599
602,55.9,13.55263782,29.35367049,16.88233387,1665679601
603,98.9,14.49595945,29.35367049,16.88233387,1665679603
604,97.9,15.43275769,29.35367049,16.88233387,1665679605
605,90.9,20.05171269,34.35770313,21.88636651,1665679607
606,89.9,13.37195971,26.85165417,14.38031755,1665679609
607,97.9,13.37195971,26.85165417,14.38031755,1665679611
608,98.9,13.37195971,26.85165417,14.38031755,1665679613
609,78.9,13.37195971,26.85165417,14.38031755,1665679615
610,0,13.37195971,26.85165417,14.38031755,1665679617
611,0,13.37195971,26.85165417,14.38031755,1665679619
612,0,13.37195971,26.85165417,14.38031755,1665679621
613,0,13.36543632,26.85165417,14.38031755,1665679623
614,5,13.4344261,26.85165417,14.38031755,1665679625
615,50.9,13.78273555,29.40052029,16.92918367,1665679627
616,95.9,14.55486763,29.40052029,16.92918367,1665679629
617,97.9,15.45865357,29.40052029,16.92918367,1665679631
618,74.9,13.19424677,26.86371256,14.39237594,1665679633
619,90.9,13.44114717,26.86371256,14.39237594,1665679635
620,98.9,13.43640288,26.86371256,14.39237594,1665679637
621,99.9,13.43640288,26.86371256,14.39237594,1665679639
622,56.9,13.43640288,26.86371256,14.39237594,1665679641
623,0,13.43640288,26.86371256,14.39237594,1665679643
624,0,13.43580985,26.86371256,14.39237594,1665679645
625,0,13.43580985,26.86371256,14.39237594,1665679647
626,0,13.43580985,26.86371256,14.39237594,1665679649
627,25,13.43561217,26.86371256,14.39237594,1665679651
628,97.9,14.68078882,28.0584812,15.58714457,1665679653
629,98.9,14.68078882,28.0584812,15.58714457,1665679655
630,98.9,17.97292596,33.20128412,20.7299475,1665679657
631,92.9,14.6487649,28.0584812,15.58714457,1665679659
632,98.9,14.6487649,28.0584812,15.58714457,1665679661
633,99,14.6487649,28.0584812,15.58714457,1665679663
634,87,14.6487649,28.0584812,15.58714457,1665679665
635,0,14.6487649,28.0584812,15.58714457,1665679667
636,0,14.6487649,28.0584812,15.58714457,1665679669
637,0,14.6487649,28.0584812,15.58714457,1665679671
638,0,14.6487649,28.0584812,15.58714457,1665679673
639,2,14.6487649,28.0584812,15.58714457,1665679675
640,98,15.14869374,30.66467407,18.19333745,1665679677
641,99,16.06572414,30.66467407,18.19333745,1665679679
642,98.9,16.8710662,30.66467407,18.19333745,1665679681
643,44.7,21.86007528,33.27086694,20.79953032,1665679689
644,13.8,14.36628238,28.0584812,15.58714457,1665679694
645,99.9,14.61792706,28.0584812,15.58714457,1665679696
646,98.9,14.61792706,28.0584812,15.58714457,1665679698
647,99.9,14.61792706,28.0584812,15.58714457,1665679700
648,40.9,14.61792706,28.0584812,15.58714457,1665679702
649,0,14.61792706,28.0584812,15.58714457,1665679704
650,0,14.61792706,28.0584812,15.58714457,1665679706
651,0,14.61792706,28.0584812,15.58714457,1665679708
652,0,14.61792706,28.0584812,15.58714457,1665679710
653,38,11.19729892,27.19423095,14.72289433,1665679712
654,99.9,12.12955056,27.19423095,14.72289433,1665679714
655,99.9,13.08611665,27.19423095,14.72289433,1665679716
656,96.9,18.43035392,32.47619951,20.00486289,1665679718
657,89.9,9.611917639,23.05365784,10.58232122,1665679720
658,98.9,9.611917639,23.05365784,10.58232122,1665679722
659,98.9,9.611917639,23.05365784,10.58232122,1665679724
660,96.9,9.611917639,23.05365784,10.58232122,1665679726
661,0,9.611917639,23.05365784,10.58232122,1665679728
662,0,9.611917639,23.05365784,10.58232122,1665679730
663,0,9.611917639,23.05365784,10.58232122,1665679732
664,0,9.611917639,23.05365784,10.58232122,1665679734
665,0,9.611917639,23.05365784,10.58232122,1665679736
666,98.9,13.16301357,28.6908546,16.21951798,1665679738
667,97.9,14.05236898,28.6908546,16.21951798,1665679740
668,98.9,14.95615492,28.6908546,16.21951798,1665679742
669,79.7,9.696326343,23.33930322,10.8679666,1665679744
670,97.9,9.860992504,23.33930322,10.8679666,1665679746
671,98.9,9.860992504,23.33930322,10.8679666,1665679748
672,99.9,9.860992504,23.33930322,10.8679666,1665679750
673,50.9,9.860992504,23.33930322,10.8679666,1665679752
674,0,9.860992504,23.33930322,10.8679666,1665679754
675,0,9.860992504,23.33930322,10.8679666,1665679756
676,0,9.860992504,23.33930322,10.8679666,1665679758
677,0,9.860992504,23.33930322,10.8679666,1665679760
678,32,10.74046399,24.65505108,12.18371446,1665679762
679,98.9,14.72823165,28.12845937,15.65712275,1665679764
680,98.9,14.72823165,28.12845937,15.65712275,1665679766
681,98.9,14.72823165,28.12845937,15.65712275,1665679768
682,80.4,14.52561122,28.12845937,15.65712275,1665679770
683,99.9,14.69403327,28.12845937,15.65712275,1665679772
684,98.9,14.69403327,28.12845937,15.65712275,1665679774
685,98.9,14.69403327,28.12845937,15.65712275,1665679776
686,5,14.68988203,28.12845937,15.65712275,1665679778
687,0,14.68988203,28.12845937,15.65712275,1665679780
688,0,14.68988203,28.12845937,15.65712275,1665679782
689,0,14.68988203,28.12845937,15.65712275,1665679784
690,0,14.68988203,28.12845937,15.65712275,1665679786
691,82,14.96860866,30.8736202,18.40228358,1665679788
692,97.9,15.84096372,30.8736202,18.40228358,1665679790
693,97.9,16.77776196,30.8736202,18.40228358,1665679792
694,79,19.72040358,33.61878104,21.14744441,1665679794
695,3.7,14.26724547,28.12845937,15.65712275,1665679808
696,57,14.45662144,28.12845937,15.65712275,1665679810
697,94.9,14.58807762,28.12845937,15.65712275,1665679812
698,99.9,14.55348389,28.12845937,15.65712275,1665679814
699,98.9,14.55348389,28.12845937,15.65712275,1665679816
700,12,14.55348389,28.12845937,15.65712275,1665679818
701,0,14.54300693,28.12845937,15.65712275,1665679820
702,0,14.54300693,28.12845937,15.65712275,1665679822
703,0,14.54300693,28.12845937,15.65712275,1665679824
704,0,14.54300693,28.12845937,15.65712275,1665679826
705,72.9,12.11096878,28.17847202,15.7071354,1665679828
706,98.9,13.05429041,28.17847202,15.7071354,1665679830
707,99.9,14.01065882,28.17847202,15.7071354,1665679832
708,94.9,19.35647753,33.73837651,21.26703988,1665679834
709,85.9,9.695337951,23.28869754,10.81736091,1665679836
710,97.9,9.828770914,23.28869754,10.81736091,1665679838
711,98.9,9.828770914,23.28869754,10.81736091,1665679840
712,98.9,9.828770914,23.28869754,10.81736091,1665679842
713,0,9.828770914,23.28869754,10.81736091,1665679844
714,0,9.828770914,23.28869754,10.81736091,1665679846
715,0,9.828770914,23.28869754,10.81736091,1665679848
716,0,9.828770914,23.28869754,10.81736091,1665679850
717,0,9.828770914,23.28869754,10.81736091,1665679852
718,82,16.24640225,32.49675807,20.02542145,1665679854
719,99.9,16.76708733,32.49675807,20.02542145,1665679856
720,97.9,17.53249834,32.49675807,20.02542145,1665679858
721,97.9,18.46929658,32.49675807,20.02542145,1665679860